select seapitester_clear_engine_state_history();
seapitester_clear_engine_state_history()
0
create table t1 (a int not null) engine=storage_engine_api_tester;
insert into t1 values (1), (NULL), (2);
ERROR 23000: Column 'a' cannot be null
drop table t1;
select * from data_dictionary.seapitester_engine_state_history;
STATE
::max_supported_key_length()
::max_supported_keys()
Cursor 1 Cursor()
::doCreateTable()
::SEAPITester()
Cursor 1 ~Cursor()
Cursor 2 Cursor()
Cursor 2 ::doOpen()
Cursor 2 ::store_lock()
START STATEMENT
Cursor 2 ::external_lock()
Cursor 2 locked
Cursor 2 ::doInsertRecord()
END STATEMENT
ROLLBACK
::SEAPITester()
Cursor 2 ::external_lock()
Cursor 2 locked
Cursor 2 ::reset()
Cursor 2 ::doOpen()
Cursor 2 ::close()
Cursor 2 Cursor()
Cursor 2 ~Cursor()
select seapitester_clear_engine_state_history();
seapitester_clear_engine_state_history()
0
